URL_ID,URL,POSITIVE SCORE,NEGATIVE SCORE,POLARITY SCORE,SUBJECTIVITY SCORE,AVG SENTENCE LENGTH,PERCENTAGE OF COMPLEX WORDS,FOG INDEX,AVG NUMBER OF WORDS PER SENTENCE,COMPLEX WORD COUNT,WORD COUNT,SYLLABLE PER WORD,PERSONAL PRONOUNS,AVG WORD LENGTH,Cluster,Predicted_Type,Anomaly
Netclan20241017,https://insights.blackcoffer.com/ai-and-ml-based-youtube-analytics-and-content-creation-tool-for-optimizing-subscriber-engagement-and-content-strategy/,9,1,0.7999999200000081,0.04761904739229025,34.99999416666764,0.2476190464399093,14.09904528524302,34.99999416666764,52,210,2.014285704693878,3,7.233333298888889,0,News,Normal
Netclan20241018,https://insights.blackcoffer.com/enhancing-front-end-features-and-functionality-for-improved-user-experience-and-dashboard-accuracy-in-partner-hospital-application/,12,8,0.1999999900000005,0.04587155952781753,12.11111077469137,0.2385321095446511,4.939857153694408,12.11111077469137,104,436,1.965596325766981,7,6.905963286912928,0,News,Normal
Netclan20241019,https://insights.blackcoffer.com/roas-dashboard-for-campaign-wise-google-ads-budget-tracking-using-google-ads-ap/,16,5,0.5238094988662143,0.06158357753201297,28.41666429861131,0.211143694395473,11.45112319720271,28.41666429861131,72,341,1.824046915472003,1,6.630498514280063,0,News,Normal
Netclan20241020,https://insights.blackcoffer.com/efficient-processing-and-analysis-of-financial-data-from-pdf-files-addressing-formatting-inconsistencies-and-ensuring-data-integrity-for-a-toyota-dealership-management-firm/,26,12,0.3684210429362884,0.08225108207304961,17.11111047736628,0.3679653671689062,6.991630337814074,17.11111047736628,170,462,2.201298696533986,4,7.779220762382639,1,Blog,Normal
Netclan20241021,https://insights.blackcoffer.com/development-of-ea-robot-for-automated-trading/,9,2,0.636363578512402,0.02330508469638753,10.9767439307734,0.2711864401034186,4.499172148350726,10.9767439307734,128,472,2.059322029535334,3,7.010593205486032,0,News,Normal
Netclan20241022,https://insights.blackcoffer.com/ai-and-ml-based-youtube-analytics-and-content-creation-tool-for-optimizing-subscriber-engagement-and-content-strategy/,9,1,0.7999999200000081,0.04761904739229025,34.99999416666764,0.2476190464399093,14.09904528524302,34.99999416666764,52,210,2.014285704693878,3,7.233333298888889,0,News,Normal
Netclan20241023,https://insights.blackcoffer.com/enhancing-front-end-features-and-functionality-for-improved-user-experience-and-dashboard-accuracy-in-partner-hospital-application/,12,8,0.1999999900000005,0.04587155952781753,12.11111077469137,0.2385321095446511,4.939857153694408,12.11111077469137,104,436,1.965596325766981,7,6.905963286912928,0,News,Normal
Netclan20241024,https://insights.blackcoffer.com/roas-dashboard-for-campaign-wise-google-ads-budget-tracking-using-google-ads-ap/,16,5,0.5238094988662143,0.06158357753201297,28.41666429861131,0.211143694395473,11.45112319720271,28.41666429861131,72,341,1.824046915472003,1,6.630498514280063,0,News,Normal
Netclan20241025,https://insights.blackcoffer.com/efficient-processing-and-analysis-of-financial-data-from-pdf-files-addressing-formatting-inconsistencies-and-ensuring-data-integrity-for-a-toyota-dealership-management-firm/,26,12,0.3684210429362884,0.08225108207304961,17.11111047736628,0.3679653671689062,6.991630337814074,17.11111047736628,170,462,2.201298696533986,4,7.779220762382639,1,Blog,Normal
Netclan20241026,https://insights.blackcoffer.com/transforming-and-managing-a-large-scale-sql-pedigree-database-to-neo4j-graph-db/,61,23,0.4523809469954649,0.07374890248134423,11.3899998861,0.3810359961536119,4.708414352901445,11.3899998861,434,1139,2.263388935677446,1,7.743634760541145,1,Blog,Anomalous
Netclan20241027,https://insights.blackcoffer.com/enhancing-model-accuracy-from-58-to-over-90-strategies-for-improving-predictive-performance/,22,7,0.5172413614744358,0.07712765936934134,17.09090831404962,0.3696808500806361,6.984235665652104,17.09090831404962,139,376,2.281914887548099,1,7.726063809239192,1,Blog,Normal
Netclan20241028,https://insights.blackcoffer.com/securing-sensitive-financial-data-with-privacy-preserving-machine-learning-for-predictive-analytics/,32,4,0.7777777561728402,0.0728744937796063,18.99999926923079,0.3987854242939566,7.759513877409901,18.99999926923079,197,494,2.352226715886181,6,7.914979741062794,1,Blog,Normal
Netclan20241029,https://insights.blackcoffer.com/enhancing-data-collection-for-research-institutions-addressing-survey-fatigue-and-incorporating-verbal-communication-for-richer-insights/,26,7,0.5757575583103771,0.09792284837411618,18.72222118209882,0.3620178030800659,7.633695594071554,18.72222118209882,122,337,2.338278924812229,5,8.065281875177206,1,Blog,Normal
Netclan20241030,https://insights.blackcoffer.com/analyzing-the-impact-of-positive-emotions-and-pandemic-severity-on-mental-health-and-resilience-among-entrepreneurs-insights-and-predictive-modeling/,18,8,0.3846153698224858,0.07222222202160494,21.17646934256063,0.3638888878780864,8.616143292175485,21.17646934256063,131,360,2.269444438140432,5,7.863888867044754,1,Blog,Normal
Netclan20241031,https://insights.blackcoffer.com/dynamic-brand-centric-dashboard-for-automotive-dealerships-pdf-to-financial-insights-with-flask-react-architecture-and-aws-cloud-hosting/,63,18,0.5555555486968451,0.09396751729238106,13.06060586271809,0.3689095123330516,5.371806150020458,13.06060586271809,318,862,2.259860786241461,10,7.663573076956411,1,Blog,Normal
Netclan20241032,https://insights.blackcoffer.com/cloud-based-data-modeling-and-analysis-platform-with-drag-and-drop-interface-and-openai-api-integration-for-simulation-insights/,30,11,0.4634146228435458,0.06581059379484656,10.9298243696522,0.2744783302175308,4.481721079947894,10.9298243696522,171,623,2.060995181282512,4,7.113964675579511,1,Blog,Normal
Netclan20241033,https://insights.blackcoffer.com/voter-profile-analysis-and-search-application-for-targeted-campaign-engagement-using-government-voter-data/,78,13,0.7142857064364209,0.09045725637131485,15.71874975439454,0.3797216696026623,6.439388569598879,15.71874975439454,382,1006,2.284294232321775,27,7.97216699008731,1,Blog,Normal
Netclan20241034,https://insights.blackcoffer.com/bert-based-classification-of-individuals-and-organizations-into-two-categories-using-natural-language-processing/,10,4,0.4285713979591859,0.06060606034369671,16.49999882142866,0.259740258615843,6.703895632017801,16.49999882142866,60,231,2.142857133580705,3,7.415584383482319,0,News,Normal
Netclan20241035,https://insights.blackcoffer.com/comprehensive-analysis-of-solana-and-ethereum-contributors-using-github-api-with-comparative-study-of-1000-random-github-profiles/,34,10,0.5454545330578515,0.07521367508510483,12.99999971111112,0.3042735037533786,5.321709285945799,12.99999971111112,178,585,2.188034184293959,3,7.478632465848492,1,Blog,Normal
Netclan20241036,https://insights.blackcoffer.com/powerbi-rest-api-fetching-dataflow-and-refresh-schedules-with-semantic-models/,42,11,0.5849056493414029,0.1177777775160494,13.23529372837372,0.2488888883358025,5.393673046683808,13.23529372837372,112,450,2.102222217550617,2,7.255555539432099,1,Blog,Normal
Netclan20241037,https://insights.blackcoffer.com/automated-job-data-import-and-management-solution-for-enhanced-efficiency/,13,2,0.7333332844444478,0.0632911389734551,10.77272678305787,0.2320675095693354,4.401917717050884,10.77272678305787,55,237,1.962025308177108,2,7.06329110943759,0,News,Normal
Netclan20241038,https://insights.blackcoffer.com/data-analytics-and-optimization-solution-for-enhancing-renewable-energy-efficiency/,14,2,0.7499999531250029,0.06249999975585938,11.63636310743804,0.3203124987487793,4.782670242474728,11.63636310743804,82,256,2.203124991394043,2,7.656249970092774,1,Blog,Normal
Netclan20241039,https://insights.blackcoffer.com/time-series-analysis-and-trend-forecasting-solution-for-predicting-news-trends/,15,2,0.7647058373702448,0.06772908339550165,11.95238038321998,0.2908366522277424,4.89728681417909,11.95238038321998,73,251,2.095617521531404,2,7.406374472484564,0,News,Normal
Netclan20241040,https://insights.blackcoffer.com/advanced-data-visualization-solutions-for-monitoring-key-business-metrics-with-integrated-interactive-dashboards/,22,1,0.9130434385633287,0.09311740852988903,11.22727221694217,0.2874493915487879,4.605888643396384,11.22727221694217,71,247,2.190283391942172,2,7.732793490960351,1,Blog,Normal
Netclan20241041,https://insights.blackcoffer.com/advanced-patient-data-analysis-solution-for-trend-identification-and-improved-healthcare-outcome/,25,3,0.7857142576530622,0.1102362200384401,11.54545402066118,0.2874015736716474,4.733142237733132,11.54545402066118,73,254,2.173228337900676,2,7.681102331964164,1,Blog,Normal
Netclan20241042,https://insights.blackcoffer.com/anomaly-detection-and-analysis-for-enhanced-data-integrity-and-user-experience-on-bright-datas-website/,17,9,0.3076922958579886,0.09885931521346268,11.95454491115705,0.3079847897034799,4.905011880344212,11.95454491115705,81,263,2.114068433026356,2,7.323193888504966,1,Blog,Normal
Netclan20241043,https://insights.blackcoffer.com/building-custom-tflite-models-and-benchmarking-on-voxl2-chips/,19,5,0.5833333090277788,0.04938271594777219,13.13513478013149,0.2736625508772376,5.363518932403492,13.13513478013149,133,486,2.084362135628885,2,7.203703688881268,1,Blog,Normal
Netclan20241044,https://insights.blackcoffer.com/sports-prediction-model-for-multiple-sports-leagues/,25,2,0.8518518203017844,0.0490909090016529,15.27777735339508,0.2327272723041322,6.204201850279683,15.27777735339508,128,550,1.963636360066116,1,7.149090896092562,0,News,Normal
Netclan20241045,https://insights.blackcoffer.com/efficient-coach-allocation-system-for-sports-coaching-organization/,19,7,0.4615384437869829,0.04999999990384615,13.684210166205,0.28076923022929,5.585991758573715,13.684210166205,146,520,2.084615380606509,7,7.371153831978551,1,Blog,Normal
Netclan20241046,https://insights.blackcoffer.com/data-studio-dashboard-with-a-data-pipeline-tool-synced-with-podio-using-custom-webhooks-and-google-cloud-function-2/,31,5,0.7222222021604945,0.0677966100418143,13.6153842662722,0.2485875701533191,5.545588734570208,13.6153842662722,132,531,2.041431257925741,1,7.282485861991552,1,Blog,Normal
Netclan20241047,https://insights.blackcoffer.com/ai-driven-backend-for-audio-to-text-conversion-and-analytical-assessment-in-pharmaceutical-practice/,24,5,0.655172391200952,0.06131078211139369,12.44736809349032,0.2917547562542183,5.095649139897813,12.44736809349032,138,473,2.122621559994458,2,7.338266369263708,1,Blog,Normal
Netclan20241048,https://insights.blackcoffer.com/cloud-based-web-application-for-financial-data-processing-and-visualization-of-sp-500-metrics/,63,16,0.5949367013299152,0.1280388976855123,19.28124939746096,0.3387358179274946,7.847994086155381,19.28124939746096,209,617,2.251215555508565,5,7.781199339090438,1,Blog,Anomalous
Netclan20241049,https://insights.blackcoffer.com/department-wise-kpi-tracking-dashboard-with-technician-performance-analysis-for-atoz-dependable-service/,35,5,0.7499999812500006,0.05517241371700356,16.11111075308643,0.2799999996137931,6.556444301080089,16.11111075308643,203,725,2.056551721301308,1,7.256551714128894,1,Blog,Normal
Netclan20241050,https://insights.blackcoffer.com/steps-to-convert-a-node-js-api-to-python-for-aws-lambda-deployment/,24,6,0.5999999800000007,0.0753768842327214,15.91999936320003,0.2638190948145249,6.47352738320582,15.91999936320003,105,398,2.067839190784324,1,7.198492444224893,1,Blog,Normal
Netclan20241051,https://insights.blackcoffer.com/building-an-analytics-dashboard-with-a-pdf-parsing-pipeline-for-data-extraction/,39,30,0.1304347807183365,0.06371191129851161,9.756756668858047,0.3167128344259346,4.029387801313593,9.756756668858047,343,1083,2.140350875216666,1,7.427516151959818,1,Blog,Anomalous
Netclan20241052,https://insights.blackcoffer.com/building-a-real-time-log-file-visualization-dashboard-in-kibana/,26,27,-0.01886792417230332,0.07993966805438964,9.471428436122451,0.2880844641205362,3.903805160097196,9.471428436122451,191,663,2.05882352630645,2,7.250377062970774,1,Blog,Normal
Netclan20241053,https://insights.blackcoffer.com/analyzing-the-impact-of-female-ceo-appointments-on-company-stock-prices/,20,9,0.3793103317479196,0.04982817860854265,9.864406612467684,0.3900343635910062,4.101776390423477,9.864406612467684,227,582,2.341924394601504,6,7.907216481259078,1,Blog,Normal
Netclan20241054,https://insights.blackcoffer.com/ai-chatbot-using-llm-langchain-llama/,39,7,0.6956521587901705,0.06824925805897736,13.47999973040001,0.3175074179265469,5.519002859330622,13.47999973040001,214,674,2.164688424087999,3,7.545994054086062,1,Blog,Normal
Netclan20241055,https://insights.blackcoffer.com/healthcare-ai-chatbot-using-llama-llm-langchain/,73,14,0.6781609117452769,0.1087499998640625,6.837606779165754,0.19499999975625,2.813042711568802,6.837606779165754,156,800,1.926249997592187,30,6.807499991490625,1,Blog,Anomalous
Netclan20241056,https://insights.blackcoffer.com/ai-bot-audio-to-audio/,7,0,0.9999998571428775,0.02422145320338598,11.11538418786984,0.2595155700362783,4.549959903162446,11.11538418786984,75,289,2.006920408280552,2,6.958477484572742,0,News,Normal
Netclan20241057,https://insights.blackcoffer.com/recommendation-engine-for-insurance-sector-to-expand-business-in-the-rural-area/,18,3,0.7142856802721105,0.05263157881545971,20.9999988947369,0.2857142849982098,8.514285271894044,20.9999988947369,114,399,2.097744355644751,4,7.255639079559802,0,News,Normal
Netclan20241058,https://insights.blackcoffer.com/data-from-crm-via-zapier-to-google-sheets-dynamic-to-powerbi/,17,2,0.7894736426592819,0.08225108189501697,12.15789409695294,0.2034632025824104,4.944542919814142,12.15789409695294,47,231,1.839826831862222,8,6.683982655047695,0,News,Normal
Netclan20241059,https://insights.blackcoffer.com/data-warehouse-to-google-data-studio-looker-dashboard/,11,1,0.8333332638888947,0.04819277089079208,13.10526246814408,0.1927710835631683,5.3192134206829,13.10526246814408,48,249,1.88755019322269,13,6.987951779164852,0,News,Normal
Netclan20241060,https://insights.blackcoffer.com/crm-monday-com-via-zapier-to-power-bi-dashboard/,14,3,0.6470587854671302,0.07172995750324912,9.115384264792912,0.1772151891256743,3.717039781567435,9.115384264792912,42,237,1.759493663462052,16,6.514767905000979,0,News,Normal
Netclan20241061,https://insights.blackcoffer.com/monday-com-to-kpi-dashboard-to-manage-view-and-generate-insights-from-the-crm-data/,18,6,0.4999999791666675,0.09195402263619148,8.999999689655183,0.245210727029844,3.698084166674011,8.999999689655183,64,261,1.865900375992719,6,6.620689629805787,0,News,Normal
Netclan20241062,https://insights.blackcoffer.com/data-management-for-a-political-saas-application/,25,8,0.5151514995408637,0.05092592584733653,10.45161273465141,0.2469135798658741,4.279410525806912,10.45161273465141,160,648,1.925925922953818,9,6.891975298006211,1,Blog,Normal
Netclan20241063,https://insights.blackcoffer.com/google-lsa-ads-google-local-service-ads-etl-tools-and-dashboards/,12,6,0.3333333148148158,0.0555555553840878,17.99999900000006,0.1820987648700655,7.272839105948049,17.99999900000006,59,324,1.848765426392699,1,6.867283929421963,0,News,Normal
Netclan20241064,https://insights.blackcoffer.com/ad-networks-marketing-campaign-data-dashboard-in-looker-google-data-studio/,18,6,0.4999999791666675,0.05240174661047654,41.63635985124002,0.196506549789287,16.73314656041172,41.63635985124002,90,458,1.890829690194695,1,6.980349329737229,0,News,Normal
Netclan20241065,https://insights.blackcoffer.com/analytical-solution-for-a-tech-firm/,13,12,0.03999999840000006,0.1033057846970835,26.8888859012349,0.2024793380062837,10.83654609569648,26.8888859012349,49,242,1.966942140632471,2,7.024793359401681,0,News,Normal
Netclan20241066,https://insights.blackcoffer.com/ai-solution-for-a-technology-information-and-internet-firm/,10,2,0.6666666111111158,0.05128205106289722,33.42856665306191,0.2008546999963474,13.4517685412233,33.42856665306191,47,234,1.880341872306231,1,7.017093987106436,0,News,Normal
Netclan20241067,https://insights.blackcoffer.com/ai-and-nlp-based-solutions-to-automate-data-discovery-for-venture-capital-and-private-equity-principals/,10,4,0.4285713979591859,0.03589743580539119,12.18749961914064,0.1948717943721236,4.952948565405105,12.18749961914064,76,390,1.925641020703485,29,6.992307674378698,0,News,Normal
Netclan20241068,https://insights.blackcoffer.com/an-etl-solution-for-an-internet-publishing-firm/,14,4,0.5555555246913597,0.05590062094440801,13.41666610763891,0.195652173305428,5.444927312377736,13.41666610763891,63,322,1.841614901112997,18,6.667701842646888,0,News,Normal
Netclan20241069,https://insights.blackcoffer.com/ai-based-algorithmic-trading-bot-for-forex/,8,10,-0.1111111049382719,0.05844155825181312,9.62499969921876,0.2337662330072525,3.943506372890405,9.62499969921876,72,308,1.944805188490892,26,6.688311666596391,0,News,Normal
Netclan20241070,https://insights.blackcoffer.com/equity-waterfalls-model-based-saas-application-for-real-estate-sector/,6,1,0.7142856122449125,0.02621722836622761,9.206896234244956,0.2134831452678534,3.768151751805124,9.206896234244956,57,267,1.970037445805103,8,7.112359523923748,0,News,Normal
Netclan20241071,https://insights.blackcoffer.com/ai-solutions-for-foreign-exchange-an-automated-algo-trading-tool/,11,3,0.5714285306122479,0.05426356568114897,17.19999885333341,0.2558139524968451,6.982325122332103,17.19999885333341,66,258,2.003875961225287,4,7.217054235592813,0,News,Normal
Netclan20241072,https://insights.blackcoffer.com/ai-agent-development-and-deployment-in-jina-ai/,13,7,0.2999999850000007,0.1142857136326531,21.87499726562534,0.2514285699918368,8.850570334246873,21.87499726562534,44,175,2.085714273795919,3,7.411428529077551,0,News,Normal
Netclan20241073,https://insights.blackcoffer.com/golden-record-a-knowledge-graph-database-approach-to-unfold-discovery-using-neo4j/,17,5,0.5454545206611581,0.08365018979600689,11.95454491115705,0.2053231931356533,4.863947241717081,11.95454491115705,54,263,1.923954365308158,12,7.095057007243129,0,News,Normal
Netclan20241074,https://insights.blackcoffer.com/advanced-ai-for-trading-automation/,14,3,0.6470587854671302,0.06967213086199947,10.6086951909263,0.2418032776975275,4.340199387449529,10.6086951909263,59,244,1.987704909886455,9,6.991803250033593,0,News,Normal
Netclan20241075,https://insights.blackcoffer.com/create-a-knowledge-graph-to-provide-real-time-analytics-recommendations-and-a-single-source-of-truth/,10,4,0.4285713979591859,0.08588957002521737,14.8181804710745,0.2392638022131055,6.022977709315044,14.8181804710745,39,163,1.999999987730061,1,7.380368052881177,0,News,Normal
Netclan20241076,https://insights.blackcoffer.com/advanced-ai-for-thermal-person-detection/,9,2,0.636363578512402,0.09016393368718087,20.33332994444501,0.2295081948400968,8.225135255714042,20.33332994444501,28,122,2.040983589828004,2,7.459016332303145,0,News,Normal
Netclan20241077,https://insights.blackcoffer.com/advanced-ai-for-road-cam-threat-detection/,9,8,0.05882352595155729,0.1118421045273546,15.19999848000015,0.2631578930055402,6.185262549202277,15.19999848000015,40,152,2.118421038694598,1,7.559210476584142,0,News,Normal
Netclan20241078,https://insights.blackcoffer.com/advanced-ai-for-pedestrian-crossing-safety/,11,5,0.3749999765625014,0.1006289301847237,17.66666470370392,0.2641509417348997,7.17232625817553,17.66666470370392,42,159,2.125786150152289,3,7.540880455717733,0,News,Normal
Netclan20241079,https://insights.blackcoffer.com/handgun-detection-using-yolo/,8,1,0.7777776913580343,0.06818181766528926,18.85714016326569,0.287878785697888,7.658007579585432,18.85714016326569,38,132,2.151515135215794,2,7.74999994128788,0,News,Normal
Netclan20241080,https://insights.blackcoffer.com/using-graph-technology-to-create-single-customer-view/,8,8,0.0,0.09195402246003435,12.42857054081639,0.2701149409763509,5.079474192717097,12.42857054081639,47,174,2.068965505350773,4,7.402298808032765,0,News,Normal
Netclan20241081,https://insights.blackcoffer.com/car-detection-in-satellite-images/,12,0,0.9999999166666736,0.04999999979166667,11.42857088435377,0.1708333326215278,4.639761686790119,11.42857088435377,41,240,1.966666658472222,11,7.1249999703125,0,News,Normal
Netclan20241082,https://insights.blackcoffer.com/building-a-physics-informed-neural-network-for-circuit-evaluation/,16,3,0.684210490304711,0.06620209036166519,13.04545395247936,0.2299651559931528,5.310167643389008,13.04545395247936,66,287,2.034843198484867,15,7.310104504145977,0,News,Normal
Netclan20241083,https://insights.blackcoffer.com/connecting-mongodb-database-to-power-bi-dashboard-dashboard-automation/,10,4,0.4285713979591859,0.04713804697933317,14.84999925750004,0.1582491577163328,6.003299366086548,14.84999925750004,47,297,1.841750835549661,12,6.861952838848643,0,News,Normal
Netclan20241084,https://insights.blackcoffer.com/data-transformation/,22,12,0.2941176384083048,0.1086261977360185,12.51999949920002,0.1884984019536792,5.08339916046148,12.51999949920002,59,313,1.859424914187141,12,6.613418509222305,0,News,Normal
Netclan20241085,https://insights.blackcoffer.com/e-commerce-store-analysis-purchase-behavior-ad-spend-conversion-traffic-etc/,10,1,0.8181817438016598,0.04135338330318277,13.99999926315793,0.1992481195516988,5.679698953083854,13.99999926315793,53,266,1.864661647125332,14,7.082706740290576,0,News,Normal
Netclan20241086,https://insights.blackcoffer.com/kpi-dashboard-for-accountants/,12,0,0.9999999166666736,0.04938271584616166,20.24999831250014,0.226337447628241,8.190534304051353,20.24999831250014,55,243,1.962962954884926,6,7.283950587308845,0,News,Normal
Netclan20241087,https://insights.blackcoffer.com/return-on-advertising-spend-dashboard-marketing-automation-and-analytics-using-etl-and-dashboard/,28,6,0.6470588044982705,0.05996472652563541,15.32432391015341,0.2663139325109102,6.236255137065728,15.32432391015341,151,567,2.008818338608786,6,7.16931215666788,1,Blog,Normal
Netclan20241088,https://insights.blackcoffer.com/ranking-customer-behaviours-for-business-strategy/,11,8,0.1578947285318564,0.07063196999765067,15.82352848096891,0.2230483263083705,6.418630722910914,15.82352848096891,60,269,1.910780662041708,6,6.81412636872072,0,News,Normal
Netclan20241089,https://insights.blackcoffer.com/algorithmic-trading-for-multiple-commodities-markets-like-forex-metals-energy-etc/,8,1,0.7777776913580343,0.03629032243431322,13.77777701234572,0.2459677409436785,5.60949790131576,13.77777701234572,61,248,2.044354830466311,1,7.334677389779527,0,News,Normal
Netclan20241090,https://insights.blackcoffer.com/trading-bot-for-forex/,5,3,0.2499999687500039,0.04733727782640664,15.36363496694228,0.1715976321207241,6.214093039625201,15.36363496694228,29,169,1.775147918490249,1,6.562130138685621,0,News,Normal
Netclan20241091,https://insights.blackcoffer.com/python-model-for-the-analysis-of-sector-specific-stock-etfs-for-investment-purposes%ef%bf%bc/,10,3,0.5384614970414233,0.05701754360957217,16.28571312244906,0.2719298233687288,6.623057178327118,16.28571312244906,62,228,2.131578938019391,5,7.236842073522623,0,News,Normal
Netclan20241092,https://insights.blackcoffer.com/medical-classification/,7,5,0.166666652777779,0.04301075253401164,15.49999913888894,0.2293906801813954,6.291755927628134,15.49999913888894,64,279,1.974910387186701,7,6.910394240464536,0,News,Normal
Netclan20241093,https://insights.blackcoffer.com/design-develop-bert-question-answering-model-explanations-with-visualization/,4,4,0.0,0.03571428555484694,17.23076790532555,0.2098214276347258,6.976235733184109,17.23076790532555,47,224,2.017857133848852,11,7.093749968331474,0,News,Normal
Netclan20241094,https://insights.blackcoffer.com/design-and-develop-solution-to-anomaly-detection-classification-problems/,9,16,-0.2799999888000004,0.117924527745639,16.30769105325454,0.3066037721386615,6.64571793015728,16.30769105325454,65,212,2.183962253849235,10,7.504716945732468,1,Blog,Normal
Netclan20241095,https://insights.blackcoffer.com/an-etl-solution-for-currency-data-to-google-big-query/,4,4,0.0,0.03292181056410778,14.29411680622842,0.1604938265000254,5.781844253091379,14.29411680622842,39,243,1.798353902064387,14,6.864197502616471,0,News,Normal
Netclan20241096,https://insights.blackcoffer.com/etl-and-mlops-infrastructure-for-blockchain-analytics/,6,1,0.7142856122449125,0.02114803618988509,27.58333103472242,0.2145015099259773,11.11913301785936,27.58333103472242,71,331,1.861027184709888,0,6.96072505449932,0,News,Normal
Netclan20241097,https://insights.blackcoffer.com/an-agent-based-model-of-a-virtual-power-plant-vpp/,6,3,0.3333332962963004,0.035999999856,14.70588148788932,0.231999999072,5.97515259478453,14.70588148788932,58,250,1.975999992096,0,7.131999971472,0,News,Normal
Netclan20241098,https://insights.blackcoffer.com/transform-api-into-sdk-library-and-widget/,12,1,0.8461537810650938,0.07926829219958359,40.99998975000256,0.2682926812908983,16.50731297251739,40.99998975000256,44,164,2.060975597189173,1,7.134146297962523,0,News,Normal
Netclan20241099,https://insights.blackcoffer.com/integration-of-a-product-to-a-cloud-based-crm-platform/,8,5,0.2307692130177529,0.06074766326753429,11.8888882283951,0.2149532700235829,4.841536599367473,11.8888882283951,46,214,1.967289710433226,1,7.13084108817364,0,News,Normal
Netclan20241100,https://insights.blackcoffer.com/a-web-based-dashboard-for-the-filtered-data-retrieval-of-land-records/,13,2,0.7333332844444478,0.06276150601355018,17.0714273520409,0.1882845180406506,6.903884748032621,17.0714273520409,45,239,1.933054385217346,0,7.087866079130268,0,News,Normal
Netclan20241101,https://insights.blackcoffer.com/integration-of-video-conferencing-data-to-the-existing-web-app/,5,0,0.99999980000004,0.02551020395147855,24.49999693750038,0.1836734684506456,9.873468162380412,24.49999693750038,36,196,1.86734692924823,0,6.775510169512703,0,News,Normal
Netclan20241102,https://insights.blackcoffer.com/design-develop-an-app-in-retool-which-shows-the-progress-of-the-added-video/,9,0,0.9999998888889013,0.05084745733984487,88.49995575002212,0.1751412419483546,35.4700387967882,88.49995575002212,31,177,1.807909594305596,4,6.587570584251014,2,Report,Anomalous
Netclan20241103,https://insights.blackcoffer.com/auvik-connectwise-integration-in-grafana/,5,3,0.2499999687500039,0.03404255304662743,13.82352859861596,0.1914893608872793,5.606007183801298,13.82352859861596,45,235,1.880851055826166,0,7.119148905875962,0,News,Normal
Netclan20241104,https://insights.blackcoffer.com/data-integration-and-big-data-performance-using-elk-stack/,6,1,0.7142856122449125,0.02499999991071429,10.37036998628259,0.2107142849617347,4.232433708497732,10.37036998628259,59,280,1.889285707538265,5,7.260714259783163,0,News,Normal
Netclan20241105,https://insights.blackcoffer.com/web-data-connector/,5,0,0.99999980000004,0.01689189183482469,9.548386788761716,0.162162161614317,3.884219580150413,9.548386788761716,48,296,1.783783777757487,3,6.645270247820033,0,News,Normal
Netclan20241106,https://insights.blackcoffer.com/an-app-for-updating-the-email-id-of-the-user-and-stripe-refund-tool-using-retool/,12,1,0.8461537810650938,0.06046511599783667,71.66664277778574,0.1348837203028664,28.72061059923544,71.66664277778574,29,215,1.744186038399135,4,6.34883717977285,2,Report,Normal
Netclan20241107,https://insights.blackcoffer.com/an-ai-ml-based-web-application-that-detects-the-correctness-of-text-in-a-given-video/,8,5,0.2307692130177529,0.05439330521174349,79.66664011111996,0.1924686184415539,31.94364349182461,79.66664011111996,46,239,1.849372377199279,4,6.757322147458903,2,Report,Normal
Netclan20241108,https://insights.blackcoffer.com/website-tracking-and-insights-using-google-analytics-google-tag-manager/,23,2,0.8399999664000013,0.04244482165968621,13.69767410005409,0.24617996562618,5.577541626272109,13.69767410005409,145,589,1.940577246280853,3,7.044142602641523,0,News,Normal
Netclan20241109,https://insights.blackcoffer.com/dashboard-to-track-the-analytics-of-the-website-using-google-analytics-and-google-tag-manager/,25,1,0.9230768875739658,0.04241435555886728,13.62222191950618,0.2479608478826087,5.548073106955517,13.62222191950618,152,613,1.936378463399056,2,7.004893952683696,0,News,Normal
Netclan20241110,https://insights.blackcoffer.com/power-bi-dashboard-on-operations-transactions-and-marketing-embedding-the-dashboard-to-web-app/,5,4,0.1111110987654335,0.04205607456983143,15.28571319387763,0.26168224176784,6.218958174258188,15.28571319387763,56,214,1.957943916084374,1,6.943925201196611,0,News,Normal
Netclan20241111,https://insights.blackcoffer.com/nft-data-automation-looksrare-and-etl-tool/,9,3,0.4999999583333368,0.04838709657908429,13.05263089196679,0.173387096075052,5.290407195216739,13.05263089196679,43,248,1.798387089522633,3,6.633064489382805,0,News,Normal
Netclan20241112,https://insights.blackcoffer.com/optimize-the-data-scraper-program-to-easily-accommodate-large-files-and-solve-oom-errors/,10,4,0.4285713979591859,0.07446808471027615,17.09090753719023,0.1914893606835672,6.912958759149517,17.09090753719023,36,188,1.898936160112042,2,6.96276592041082,0,News,Normal
Netclan20241113,https://insights.blackcoffer.com/making-a-robust-way-to-sync-data-from-airtables-to-mongodb-using-python-etl-solution/,8,5,0.2307692130177529,0.05078124980163574,15.99999900000006,0.1914062492523193,6.476562099700953,15.99999900000006,49,256,1.859374992736816,1,6.726562473724365,0,News,Normal
Netclan20241114,https://insights.blackcoffer.com/incident-duration-prediction-infrastructure-and-real-estate/,6,1,0.7142856122449125,0.03932584247569752,14.83333209722233,0.3033707848125237,6.054681152813941,14.83333209722233,54,178,2.219101111128646,4,7.674157260257544,0,News,Normal
Netclan20241115,https://insights.blackcoffer.com/statistical-data-analysis-of-reinforced-concrete/,11,1,0.8333332638888947,0.03797468342413075,19.74999876562508,0.3449367077691876,8.037974189357705,19.74999876562508,109,316,2.26265822068779,5,7.756329089378705,1,Blog,Normal
Netclan20241116,https://insights.blackcoffer.com/database-normalization-segmentation-with-google-data-studio-dashboard-insights/,4,1,0.599999880000024,0.02617801033414654,11.23529345674744,0.1937172764726844,4.571604293288051,11.23529345674744,37,191,1.931937162660015,8,7.026177973684932,0,News,Normal
Netclan20241117,https://insights.blackcoffer.com/power-bi-dashboard-to-drive-insights-from-complex-data-to-generate-business-insights/,7,3,0.399999960000004,0.04385964893044014,11.99999936842108,0.1842105255078486,4.873683957571574,11.99999936842108,42,228,1.815789465720222,8,6.837719268255618,0,News,Normal
Netclan20241118,https://insights.blackcoffer.com/real-time-dashboard-to-monitor-infrastructure-activity-and-machines/,4,3,0.1428571224489825,0.0331753552930078,17.58333186805568,0.1706161129354687,7.101579192396461,17.58333186805568,36,211,1.919431270524022,6,7.07109001388109,0,News,Normal
Netclan20241119,https://insights.blackcoffer.com/electric-vehicles-ev-load-management-system-to-forecast-energy-demand/,6,6,0.0,0.04013377912998736,14.94999925250004,0.2274247484032617,6.07096960036132,14.94999925250004,68,299,1.979933103746043,10,7.020066866153623,0,News,Normal
Netclan20241120,https://insights.blackcoffer.com/power-bi-data-driven-map-dashboard/,7,0,0.9999998571428775,0.03932584247569752,22.24999721875035,0.1910112348819594,8.976403381452924,22.24999721875035,34,178,1.893258416330009,2,6.83707861327484,0,News,Normal
Netclan20241121,https://insights.blackcoffer.com/google-local-service-ads-lsa-leads-dashboard/,42,5,0.7872340258035314,0.08818011240491536,10.65999978680001,0.2063789864795891,4.346551509311838,10.65999978680001,110,533,1.859287050920662,4,6.833020625078761,0,News,Normal
Netclan20241122,https://insights.blackcoffer.com/aws-lex-voice-and-chatbot/,13,0,0.9999999230769291,0.03672316373807016,11.06249965429689,0.1525423724504453,4.486016810698933,11.06249965429689,54,354,1.68079095570398,21,6.279660999209997,0,News,Normal
Netclan20241123,https://insights.blackcoffer.com/metabridges-api-decentraland-integration/,4,0,0.9999997500000625,0.01716738190056918,14.56249908984381,0.1974248918565455,5.903969592680141,14.56249908984381,46,233,1.88841200906261,0,6.88412014212824,0,News,Normal
Netclan20241124,https://insights.blackcoffer.com/microsoft-azure-chatbot-with-luis-language-understanding/,9,0,0.9999998888889013,0.04368932017626544,29.4285672244904,0.1990291252474314,11.85103853989513,29.4285672244904,41,206,1.922330087755679,0,6.810679578588934,0,News,Normal
Netclan20241125,https://insights.blackcoffer.com/impact-of-news-media-and-press-on-innovation-startups-and-investments/,10,4,0.4285713979591859,0.06796116471863513,9.80952334240365,0.1796116496135357,3.995653996806875,9.80952334240365,37,206,1.830097078494674,8,6.766990258412669,0,News,Normal
Netclan20241126,https://insights.blackcoffer.com/aws-quicksight-reporting-dashboard/,13,4,0.5294117335640156,0.04857142843265306,21.87499863281258,0.1828571423346939,8.82314231005891,21.87499863281258,64,350,1.771428566367347,5,6.457142838693878,0,News,Normal
Netclan20241127,https://insights.blackcoffer.com/google-data-studio-dashboard-for-marketing-ads-and-traction-data/,9,0,0.9999998888889013,0.02647058815743945,19.99999882352948,0.1705882347923875,8.068234823328748,19.99999882352948,58,340,1.758823524238754,8,6.561764686583045,0,News,Normal
Netclan20241128,https://insights.blackcoffer.com/gangala-in-e-commerce-big-data-etl-elt-solution-and-data-warehouse/,10,1,0.8181817438016598,0.04721030022656524,17.9230755443788,0.1416309006796957,7.225882578023401,17.9230755443788,33,233,1.716738190056918,8,6.630901259094845,0,News,Normal
Netclan20241129,https://insights.blackcoffer.com/big-data-solution-to-an-online-multivendor-marketplace-ecommerce-business/,22,3,0.7599999696000012,0.07440476168331916,23.99999828571441,0.1845238089746315,9.673808837875617,23.99999828571441,62,336,1.788690470866993,10,6.58333331374008,0,News,Normal
Netclan20241130,https://insights.blackcoffer.com/creating-a-custom-report-and-dashboard-using-the-data-got-from-atera-api/,5,3,0.2499999687500039,0.04907975430012421,23.28571095918415,0.1656441707629192,9.380542051978827,23.28571095918415,27,163,1.846625755542173,6,6.779141062704656,0,News,Normal
Netclan20241131,https://insights.blackcoffer.com/azure-data-lake-and-power-bi-dashboard/,14,3,0.6470587854671302,0.06614785966479432,21.41666488194459,0.322957197186937,8.695848831652613,21.41666488194459,83,257,2.155642014958592,0,7.536964951218035,1,Blog,Normal
Netclan20241132,https://insights.blackcoffer.com/google-data-studio-pipeline-with-gcp-mysql/,6,8,-0.142857132653062,0.02997858665957476,17.29629565569275,0.1092077085455938,6.962201345695338,17.29629565569275,51,467,1.612419696761414,8,6.070663798563889,0,News,Normal
Netclan20241133,https://insights.blackcoffer.com/quickbooks-dashboard-to-find-patterns-in-finance-sales-and-forecasts/,31,17,0.2916666605902779,0.05734767018238032,16.73999966520001,0.1792114693199385,6.767684453807978,16.73999966520001,150,837,1.707287931054614,12,6.414575858524999,0,News,Normal
Netclan20241134,https://insights.blackcoffer.com/marketing-sales-and-financial-data-business-dashboard-wink-report/,17,3,0.6999999650000017,0.03913894317193944,21.29166577951392,0.1761252442737275,8.58711640951506,21.29166577951392,90,511,1.753424654102887,5,6.545988245506872,0,News,Normal
Netclan20241135,https://insights.blackcoffer.com/react-native-apps-in-the-development-portfolio/,4,0,0.9999997500000625,0.0597014916462464,66.999933000067,0.2089552207618624,26.88355528833155,66.999933000067,14,67,2.029850715972378,1,6.925373030964582,2,Report,Anomalous
Netclan20241136,https://insights.blackcoffer.com/a-leading-firm-website-seo-optimization/,7,4,0.2727272479338866,0.07801418384387104,20.14285426530653,0.2127659559378301,8.142248088497745,20.14285426530653,30,141,1.921985801971732,0,7.099290729792265,0,News,Normal
Netclan20241137,https://insights.blackcoffer.com/a-leading-hospitality-firm-in-the-usa-website-seo-optimization/,10,0,0.99999990000001,0.0826446274161601,20.16666330555611,0.2644628077317123,8.17245044531513,20.16666330555611,32,121,2.024793371695923,0,7.115702420531385,0,News,Normal
Netclan20241138,https://insights.blackcoffer.com/a-leading-firm-in-the-usa-website-seo-optimization/,11,5,0.3749999765625014,0.1142857134693878,34.99999125000219,0.2214285698469388,14.08856792793965,34.99999125000219,31,140,1.928571414795919,1,6.871428522346939,0,News,Anomalous
Netclan20241139,https://insights.blackcoffer.com/a-leading-musical-instrumental-website-seo-optimization/,9,3,0.4999999583333368,0.1052631569713758,16.28571195918401,0.2368421031855956,6.60902162494784,16.28571195918401,27,114,2.078947350184672,0,7.149122744305941,0,News,Normal
Netclan20241140,https://insights.blackcoffer.com/a-leading-firm-in-the-usa-seo-and-website-optimization/,9,1,0.7999999200000081,0.0826446274161601,20.16666330555611,0.2148760312820163,8.152615734735253,20.16666330555611,26,121,1.975206595246227,0,7.264462749880473,0,News,Normal
Netclan20241141,https://insights.blackcoffer.com/immigration-datawarehouse-ai-based-recommendations/,19,7,0.4615384437869829,0.0712328765171702,13.03571382015308,0.2191780815912929,5.301956760697749,13.03571382015308,80,365,1.890410953724901,24,6.93424655634453,0,News,Normal
Netclan20241142,https://insights.blackcoffer.com/lipsync-automation-for-celebrities-and-influencers/,5,0,0.99999980000004,0.03759398467974448,18.99999728571467,0.2105263142065691,7.684209439968497,18.99999728571467,28,133,2.030075172706202,4,7.270676637062582,0,News,Normal
Netclan20241143,https://insights.blackcoffer.com/key-audit-matters-predictive-modeling/,8,9,-0.05882352595155729,0.051515151359045,14.99999931818185,0.2515151507529844,6.100605787573933,14.99999931818185,83,330,2.003030296960514,3,7.030303008999081,0,News,Normal
Netclan20241144,https://insights.blackcoffer.com/splitting-of-songs-into-its-vocals-and-instrumental/,12,3,0.5999999600000027,0.08474576223307478,17.69999823000018,0.2372881342526094,7.174914545701116,17.69999823000018,42,177,2.056497163522615,1,7.242937812186792,0,News,Normal
Netclan20241145,https://insights.blackcoffer.com/ai-and-ml-technologies-to-evaluate-learning-assessments/,17,3,0.6999999650000017,0.07751937954449853,11.21739081663518,0.2868217043146445,4.60168500837993,11.21739081663518,74,258,2.135658906450935,12,7.604651133315306,1,Blog,Normal
Netclan20241146,https://insights.blackcoffer.com/datawarehouse-and-recommendations-engine-for-airbnb/,13,4,0.5294117335640156,0.06093189942318316,14.68420975346264,0.1971326157808867,5.952536947697413,14.68420975346264,55,279,1.953405010919695,10,6.99641574553256,0,News,Normal
Netclan20241147,https://insights.blackcoffer.com/real-estate-data-warehouse/,10,0,0.99999990000001,0.04329004310264051,15.3999989733334,0.1948051939618823,6.237921666918115,15.3999989733334,45,231,1.878787870654598,1,7.147186116245948,0,News,Normal
Netclan20241148,https://insights.blackcoffer.com/traction-dashboards-of-marketing-campaigns-and-posts/,8,1,0.7777776913580343,0.03879310328106421,15.46666563555562,0.224137930068371,6.276321426249599,15.46666563555562,52,232,1.887931026345125,8,7.02586203868163,0,News,Normal
Netclan20241149,https://insights.blackcoffer.com/google-local-service-ads-lsa-data-warehouse/,7,1,0.7499999062500118,0.04123711318949942,17.636362033058,0.1907216485014348,7.130833472623774,17.636362033058,37,194,1.865979371824849,0,6.742268006483155,0,News,Normal
Netclan20241150,https://insights.blackcoffer.com/google-local-service-ads-missed-calls-and-messages-automation-tool/,7,4,0.2727272479338866,0.05555555527497194,19.7999980200002,0.1767676758749107,7.990706278350044,19.7999980200002,35,198,1.787878778849097,0,6.686868653096623,0,News,Normal
Netclan20241151,https://insights.blackcoffer.com/marketing-ads-leads-call-status-data-tool-to-bigquery/,9,1,0.7999999200000081,0.05681818149535124,17.59999824000018,0.1931818170841942,7.117272022833749,17.59999824000018,34,176,1.835227262299845,0,6.931818142432852,0,News,Normal
Netclan20241152,https://insights.blackcoffer.com/marketing-analytics-to-automate-leads-call-status-and-reporting/,10,0,0.99999990000001,0.05747126403752147,21.74999728125034,0.2011494241313251,8.780458682152668,21.74999728125034,35,174,1.844827575604439,0,6.913793063713833,0,News,Normal
Netclan20241153,https://insights.blackcoffer.com/callrail-analytics-leads-report-alert/,8,1,0.7777776913580343,0.04999999972222222,11.99999920000005,0.1999999988888889,4.879999679555578,11.99999920000005,36,180,1.83888887867284,0,6.961111072438272,0,News,Normal
Netclan20241154,https://insights.blackcoffer.com/marketing-automation-tool-to-notify-lead-details-to-clients-over-email-and-phone/,13,3,0.6249999609375024,0.08121827369939963,19.6999980300002,0.1522842631863743,7.94091291727463,19.6999980300002,30,197,1.776649737174367,0,6.527918748589245,0,News,Normal
Netclan20241155,https://insights.blackcoffer.com/data-etl-local-service-ads-leads-to-bigquery/,13,3,0.6249999609375024,0.08163265264473137,16.33333197222234,0.1632653052894627,6.59863891100472,16.33333197222234,32,196,1.806122439764681,0,6.714285680029155,0,News,Normal
Netclan20241156,https://insights.blackcoffer.com/marbles-stimulation-using-python/,20,1,0.9047618616780065,0.083999999664,12.49999937500003,0.231999999072,5.092799749628813,12.49999937500003,58,250,1.97999999208,2,6.935999972256,0,News,Normal
Netclan20241157,https://insights.blackcoffer.com/stocktwits-data-structurization/,16,9,0.2799999888000004,0.04456327977796207,11.21999977560001,0.2228163988898103,4.577126469795926,11.21999977560001,125,561,1.909090905687895,6,6.862745085806159,0,News,Normal
Netclan20241158,https://insights.blackcoffer.com/sentimental-analysis-on-shareholder-letter-of-companies/,13,7,0.2999999850000007,0.05181347136835888,14.84615327514795,0.3445595845995866,6.076285143899015,14.84615327514795,133,386,2.196891186018417,5,7.505181327706784,1,Blog,Normal
Netclan20241159,https://insights.blackcoffer.com/population-and-community-survey-of-america/,15,9,0.2499999895833337,0.04293381029886617,15.97142811510206,0.2558139530307443,6.49089682725312,15.97142811510206,143,559,2.010733448996899,3,7.044722706538957,0,News,Normal
Netclan20241160,https://insights.blackcoffer.com/google-lsa-api-data-automation-and-dashboarding/,22,17,0.1282051249178173,0.04808877922553788,12.28787860169881,0.2379778048853541,5.010342562633666,12.28787860169881,193,811,1.919852032158012,7,6.789149190149015,1,Blog,Normal
Netclan20241161,https://insights.blackcoffer.com/healthcare-data-analysis/,10,10,0.0,0.0854700851048287,13.76470507266441,0.196581195741106,5.584514507362205,13.76470507266441,46,234,1.918803410603404,14,6.726495697750019,0,News,Normal
Netclan20241162,https://insights.blackcoffer.com/budget-sales-kpi-dashboard-using-power-bi/,5,0,0.99999980000004,0.03759398467974448,132.999867000133,0.2030075172706202,53.28114980696145,132.999867000133,27,133,1.827067655435582,0,6.721804460738312,2,Report,Anomalous
Netclan20241163,https://insights.blackcoffer.com/amazon-buy-bot-an-automation-ai-tool-to-auto-checkouts/,5,0,0.99999980000004,0.04273504236978597,14.62499817187523,0.264957262692673,5.955982173827162,14.62499817187523,31,117,1.974358957484112,1,6.999999940170941,0,News,Normal
